,,
Company Name,Status,Group ID
GoYzer Tech,Active,2677
Property Shop Investment,Active,5002
QA,Active,5003
Oryx Management,Active,5004
Dubai Islamic Bank,Active,5005
PSI 2,Active,5007
Mixta,Active,5008
Al Forsan Real Estate,Active,5009
Prophunters Real Estate,Active,5011
Eastern Sands,Active,5014
Better Homes,Active,5016
Bhomes,Active,5017
Arab Vision,Active,5018
Goyzer Lite,Active,5020
Tamani Properties,Active,5021
Trx Staging System,Active,5056
Savoir,Active,5023
Chestertons MENA,Active,5029
Al Asad Real Estate,Active,5030
Elite Estates Real Estate Broker,Active,5031
Habibi Properties,Active,5032
Powerhouse Real Estate,Active,5033
Leon Properties,Active,5034
Linda Real Estate,Active,5097
Ascot and Co,Active,5036
CRC Real Estate,Active,5037
Casabella Property Broker LLC,Active,5038
Emtelak Properties,Active,5039
Stars and Sands Properties,Active,5040
Goyzer Own Group,Active,5041
Home Space Realtors,Active,5042
Colliers,Active,5043
Strada UAE,Active,5044
EVA Real Estate LLC,Active,5045
Positive Properties,Active,5046
Luke Stays Luxury Real Estate,Active,5047
Jade & Co Real Estate,Active,5048
Emirates Post Group (EPG),Active,5049
United Plaza Real Estate,Active,5050
Zealway Real Estate,Active,5051
The Urban Nest Real Estate LLC,Active,5052
Sustainable Homes Real Estate,Active,5053
First Point Real Estate Brokerage,Active,5054
Best Luxury Properties ,Active,5055
Palma Real Estate,Active,5057
National Homes Real Estate,Active,5058
Williams International,Active,5059
Homes Jordan (Hummer Contracting),Active,5060
Dubai Sport City,Active,5061
Christies International Real Estate,Active,5062
BlackBrick Property LLC,Active,5063
Irwin REal Estate,Active,5064
Mayfield International Real Estate,Active,5065
"Ports, Customs and Free Zone Corporation ",Active,5066
Blue Coast Real Estate ,Active,5067
Investalet,Active,5068
Point Blank Properties,Active,5069
Zed Capital Real Estate,Active,5070
Buy Own House Property ,Active,5071
Moonstay Real Estate,Active,5072
Sino Gulf,Active,5073
Roya Solutions Group,Active,5074
Savills Middle East,Active,5075
Haus and Haus,Active,5076
City Luxe Real Estate,Active,5077
La Capitale Real Estate,Active,5078
D&B Properties,Active,5079
Prime Location Property Real Estate,Active,5080
Bramwell & Partners Real Estate,Active,5081
The Luxury Collection Real Estate,Active,5082
The Noble House Real Estate,Active,5083
Range International ,Active,5084
Aqua Properties,Active,5085
Worldfield Real Estate,Active,5086
Family Homes Real Estate L.L.C,Active,5087
DB Dedicated for Trainings.,Active,5088
Ahmadyar Developments,Active,5089
IQ Pro Real Estate ,Active,5091
Locke Lifestyle Properties,Active,5092
V serve Real Estate LLC,Active,5093
Luxury Escape,Active,5094
Luxury Invest,Active,5095
Apex Real Estate,Active,5096
Linda Real Estate,Active,5097
Pulse Real Estate,Active,5098
Horizon Vista Real Estate,Active,5099
Sequoia Properties,Active,5101
Keller Williams ,Active,5102
Key One Realty Group,Active,5103
Mayak Real Estate,Active,5104
Property Matters,Active,5105
Fifty Two Real Estate,Active,5106
Signature Homes,Active,5107
Manresa Real Estate,Active,5108
Pangea Properties,Active,5109
Amaal Emirates,Active,5110
Henry Wiltshire International,Active,5111
Kevo Living,Active,5112
Remal Properties,Active,5113
Al Mamzar Real Estate And Commercial Broker,Active,5114
Better Homes Qatar,Active,5115
Wakhan Properties,Active,5116
AJ Gargash Real Estate Development,Active,5118
Mohammad Al Sayed Ibrahim,Active,5119
VIP Luxury Homes Real Estate,Active,5120
Republik Real Estate (Abu Dhabi),Active,5121
Stage Properties,Active,5122
Acres & Squares Real Estate,Active,5123
Al Ansari Real Estate Development LLC,Active,5124
Bhomes DSC,Active,5126
Audley's International Real Estate,Active,5125
Cavendish Maxwell,Active,5127
Al Ain Properties LLC,Active,5128
R H E M Properties L.L.C,Active,5129
SunShine Properties Real Estate Broker ,Active,5130
Capstone Real Estate L.L.C,Active,5131
Phoenix Homes Real Estate,Active,5133
Royce International Realty,Active,5134
Roots Heritage,Active,5135
Tulip-al Thahabi,Active,5136
Xpotential Real Estate Brokers,Active,5137
Avenew Real Estate,Active,5138
PuraNova Properties LLC,Active,5139
Union Square House Real Estate,Active,5140
PropBay Universal Real Estate Brokerage,Active,5141